Air Arabia,Boeing 737
Air Arabia,Airbus A380
Air Arabia,Airbus A320
Air Arabia,Boeing 747
Air Arabia,Boeing 777
Air Arabia,Airbus A220
Air Arabia,Airbus A340
jetBlue,Airbus A321
jetBlue,Embraer 190
jetBlue,Embraer 195
Spring Airlines,Boeing 747
Urumqi Air,Boeing 777
West Air,Airbus A220
Blue Air,Boeing 737
easyJet,Airbus A319
easyJet,Airbus A320
Delta Air Lines,McDonnell Douglas MD-88
Delta Air Lines,McDonnell Douglas MD-11 
Delta Air Lines,Boeing 747
Air France,Airbus A318
Air France,Airbus A319
Air France,Boeing 789
Air France,Boeing 777
Lufthansa,Airbus A340
Lufthansa,Airbus A350
Lufthansa,Boeing 747
Lufthansa,Airbus A380
China Airlines,Airbus A380
China Airlines,Airbus A350
China Airlines,Boeing 737
China Airlines,Boeing 747
China Airlines,Boeing 737 MAX
China Airlines,Boeing 777
China Airlines,Embraer 190
American Airlines,Airbus A330
American Airlines,Boeing 777
American Airlines,Boeing 787
Ryanair,Boeing 737 MAX
Ryanair,Boeing 737
Emirates,Airbus A330
Emirates,Boeing 777
Qatar Airways,Airbus A319
Qatar Airways,Airbus A330
Qatar Airways,Airbus A380
Qatar Airways,Boeing 777
Qatar Airways,Boeing 787
British Airways,Boeing 747
British Airways,Boeing 777
British Airways,Airbus A220
British Airways,Boeing 737
British Airways,Airbus A319
British Airways,Airbus A320
British Airways,McDonnell Douglas MD-88
British Airways,McDonnell Douglas MD-11 
British Airways,Boeing 747
British Airways,Airbus A318
British Airways,Airbus A319
British Airways,Boeing 789
Air Japan,McDonnel Douglas DC-8
Air Japan,Boeing 747
Air Japan,Airbus A318
Air Japan,Airbus A319
Air Japan,Boeing 789
Air Japan,Boeing 777
Air Japan,Airbus A340
Air Japan,Airbus A350
Air Japan,Boeing 747
Air Japan,Airbus A380
Air Japan,Airbus A380
Singapore Airlines,McDonnell Douglas MD-11 
Singapore Airlines,Boeing 747
Singapore Airlines,Airbus A318
Singapore Airlines,Airbus A319
Singapore Airlines,Boeing 789
Singapore Airlines,Boeing 777
Singapore Airlines,Airbus A340
Singapore Airlines,Airbus A350
Singapore Airlines,Boeing 747
Blue Air,Airbus A319
Blue Air,Boeing 789
Blue Air,Boeing 777
Blue Air,Airbus A340
Blue Air,Airbus A350
Blue Air,Boeing 747
Blue Air,Airbus A380
KLM,Boeing 777
KLM,Airbus A220
KLM,Boeing 737
KLM,Airbus A319
KLM,Airbus A320
KLM,McDonnell Douglas MD-88
KLM,McDonnell Douglas MD-11 
Etihad Airways,Boeing 777
Etihad Airways,Airbus A220
Etihad Airways,Airbus A340
Etihad Airways,Airbus A321
Etihad Airways,Embraer 190
EgyptAir,Boeing 777
EgyptAir,Airbus A220
EgyptAir,Airbus A340
EgyptAir,Airbus A321
EgyptAir,Embraer 190
Air Canada,McDonnell Douglas MD-88
Air Canada,McDonnell Douglas MD-11 
Air Canada,Boeing 747
Air Canada,Airbus A318
Air Canada,Airbus A319
Air Canada,Boeing 789
Air Canada,McDonnel Douglas DC-8
Air Canada,Boeing 747
Air Canada,Embraer 190
Japan Airlanes,Airbus A350
Japan Airlanes,Boeing 747
Japan Airlanes,Airbus A319
Japan Airlanes,Boeing 789
Japan Airlanes,Boeing 777
Japan Airlanes,Airbus A340
Fiji Airways,Airbus A380
Fiji Airways,Airbus A380
Fiji Airways,Airbus A350
Fiji Airways,Boeing 737
Fiji Airways,Boeing 747
Fiji Airways,Boeing 737 MAX
Oman Air,Embraer 190
Oman Air,Boeing 747
Oman Air,Boeing 737
Ryanair,Boeing 737 MAX
Ryanair,Boeing 737
Ryanair,Airbus A318
Ryanair,Airbus A319
Ryanair,Boeing 789
Emirates,Boeing 737
Emirates,Boeing 737 MAX
